[
  {
    "subjectName": "Data Mining and Analytics",
    "subjectCode": "18CSE355T",
    "subjectSlot": "B",
    "teacher": "Ms.Ida Seraphim",
    "teacherCode": 101562,
    "category": "Professional Elective",
    "type": "Theory",
    "link": "https://meet.google.com/lookup/c727on3jk5"
  },
  {
    "subjectName": "Digital Image Processing",
    "subjectCode": "18CSE353J",
    "subjectSlot": "B",
    "teacher": "Ms.C.Jayavarthini",
    "teacherCode": 101537,
    "category": "Professional Elective",
    "type": "Theory",
    "link": "https://meet.google.com/lookup/hkhj4slgjo"
  },
  {
    "subjectName": "Neuro Fuzzy and Genetic Programming",
    "subjectCode": "18CSE352T",
    "subjectSlot": "D",
    "teacher": "Ms.M.Harini",
    "teacherCode": 102230,
    "category": "Professional Elective",
    "type": "Theory",
    "link": "https://meet.google.com/lookup/bk3idakpko"
  },
  {
    "subjectName": "Information Storage and Management",
    "subjectCode": "18CSE360T",
    "subjectSlot": "D",
    "teacher": "Ms.Rajalakshmi",
    "teacherCode": 101925,
    "category": "Professional Elective",
    "type": "Theory",
    "link": "https://meet.google.com/lookup/cjipifyggn"
  }
]
